parameter	ESS
posterior	9.29625356868752
prior	100.643124041083
k_birth	171.335046876177
k_death	31.9892529856863
alpha	15.3835601439695
