stage,max_lon,max_lat,density,rel_density
Katian,-64.9753332146987,-30.6641336292156,9.49750510870532e-11,1
Hirnantian,-61.081716837464,-24.928939717091,3.56641026785976e-11,1
Rhuddanian,-60.6617966380949,-23.5118649025675,3.54470023581582e-11,1
